{
  "gate": "3_latency",
  "timestamp": "2026-04-17T10:27:15",
  "iterations": 20,
  "thresholds": {
    "p50_max_s": 2.5,
    "p95_max_s": 4.0
  },
  "gemma_first_sentence": {
    "p50": 3.0965582709904993,
    "p95": 3.2909057690529155,
    "p99": 3.575116920205764,
    "count": 20
  },
  "gemma_ttft": {
    "p50": 2.9252923539897893,
    "p95": 3.105091460759286,
    "p99": 3.399341325743589,
    "count": 20
  },
  "elevenlabs_first_byte": {
    "p50": 1.4208502919937018,
    "p95": 1.583551377702679,
    "p99": 1.5971085419305018,
    "count": 20
  },
  "total": {
    "p50": 4.5674039794976125,
    "p95": 4.682769812441257,
    "p99": 4.9354175616815334,
    "count": 20
  },
  "passed": false,
  "raw_totals_s": [
    4.625564457994187,
    4.437185250018956,
    4.3431821249832865,
    4.657524417008972,
    4.560469499992905,
    4.620490458008135,
    4.495492833986646,
    4.477553292002995,
    4.376248707994819,
    4.57433845900232,
    4.998579498991603,
    4.6253665419935714,
    4.508689209003933,
    4.62302295898553,
    4.577966417011339,
    4.666148249991238,
    4.468257541011553,
    4.464238792017568,
    4.627725500991801,
    4.490391208033543
  ]
}